id_credito,id_cliente,id_asesor,fecha,capital_centavos,plazo_meses,tna_bps,reestructurado
CV-2026-0001,CL-0030,AS-01,2026-01-14,2500000,12,3600,false
CV-2026-0002,CL-0050,AS-06,2026-01-16,500000,6,4000,false
CV-2026-0003,CL-0079,AS-01,2026-01-17,600000,12,4000,false
CV-2026-0004,CL-0087,AS-02,2026-01-23,600000,12,3600,false
CV-2026-0005,CL-0062,AS-05,2026-01-24,800000,12,4000,false
CV-2026-0006,CL-0082,AS-04,2026-02-09,1500000,9,3600,false
CV-2026-0007,CL-0018,AS-06,2026-02-13,1200000,6,3600,false
CV-2026-0008,CL-0010,AS-03,2026-02-17,1200000,6,3600,false
CV-2026-0009,CL-0044,AS-01,2026-02-21,800000,6,3600,false
CV-2026-0010,CL-0003,AS-04,2026-03-03,2000000,24,3600,false
CV-2026-0011,CL-0054,AS-01,2026-03-10,150000,12,3600,false
CV-2026-0012,CL-0069,AS-06,2026-03-17,400000,12,3600,false
CV-2026-0013,CL-0083,AS-03,2026-03-22,200000,8,3600,false
CV-2026-0014,CL-0059,AS-05,2026-03-23,500000,9,3600,false
CV-2026-0015,CL-0036,AS-02,2026-03-23,150000,6,3600,false
CV-2026-0016,CL-0079,AS-04,2026-03-28,2500000,3,3000,false
CV-2026-0017,CL-0073,AS-05,2026-03-28,2000000,6,3600,false
CV-2026-0018,CL-0065,AS-02,2026-04-01,300000,12,3000,false
CV-2026-0019,CL-0039,AS-06,2026-04-03,1200000,12,4000,false
CV-2026-0020,CL-0033,AS-06,2026-04-10,600000,18,3600,false
CV-2026-0021,CL-0005,AS-02,2026-04-21,600000,6,3600,false
CV-2026-0022,CL-0088,AS-06,2026-04-28,150000,7,3600,false
CV-2026-0023,CL-0073,AS-01,2026-05-09,100000,24,4000,false
CV-2026-0024,CL-0053,AS-05,2026-05-11,1200000,6,4000,false
CV-2026-0025,CL-0004,AS-05,2026-05-12,2000000,12,3600,false
CV-2026-0026,CL-0081,AS-06,2026-05-18,2000000,24,3000,false
CV-2026-0027,CL-0084,AS-03,2026-05-23,250000,18,3600,false
CV-2026-0028,CL-0028,AS-03,2026-05-23,150000,6,3000,false
CV-2026-0029,CL-0021,AS-04,2026-05-23,1500000,3,3600,false
CV-2026-0030,CL-0013,AS-03,2026-05-27,100000,6,3600,false
CV-2026-0031,CL-0082,AS-03,2026-06-01,1200000,18,3600,false
CV-2026-0032,CL-0024,AS-03,2026-06-13,250000,18,3600,false
CV-2026-0033,CL-0018,AS-05,2026-06-20,500000,6,3600,false
CV-2026-0034,CL-0033,AS-03,2026-06-22,1200000,6,3600,false
CV-2026-0035,CL-0006,AS-01,2026-06-22,150000,6,3600,false
CV-2026-0036,CL-0008,AS-02,2026-06-28,300000,6,3600,false
CV-2026-0037,CL-0042,AS-04,2026-07-10,1200000,12,3000,false
CV-2026-0201,CL-0087,AS-04,2026-07-13,600000,12,3600,true
CV-2026-0038,CL-0043,AS-03,2026-07-15,500000,24,4000,false
CV-2026-0039,CL-0020,AS-01,2026-07-18,1200000,24,4000,false
CV-2026-0040,CL-0016,AS-01,2026-07-23,800000,3,3600,false
CV-2026-0041,CL-0043,AS-02,2026-08-02,200000,5,3600,false
CV-2026-0042,CL-0019,AS-02,2026-08-05,800000,6,3600,false
CV-2026-0043,CL-0060,AS-01,2026-08-06,300000,6,3000,false
CV-2026-0044,CL-0047,AS-06,2026-08-11,1200000,18,3600,false
CV-2026-0100,CL-0078,AS-04,2026-08-15,1000000,12,3600,false
CV-2026-0045,CL-0012,AS-02,2026-08-19,300000,5,3600,false
CV-2026-0046,CL-0022,AS-04,2026-08-20,200000,24,3600,false
CV-2026-0047,CL-0045,AS-02,2026-08-21,500000,6,3600,false
CV-2026-0048,CL-0029,AS-04,2026-08-21,100000,4,3600,false
CV-2026-0049,CL-0086,AS-04,2026-08-22,200000,12,3600,false
CV-2026-0050,CL-0054,AS-03,2026-08-24,500000,18,3600,false
CV-2026-0202,CL-0069,AS-05,2026-08-24,800000,9,3600,true
CV-2026-0051,CL-0028,AS-03,2026-08-26,150000,12,3600,false
CV-2026-0052,CL-0040,AS-04,2026-09-02,100000,24,3000,false
CV-2026-0053,CL-0048,AS-04,2026-09-08,2500000,24,3600,false
CV-2026-0054,CL-0075,AS-01,2026-09-10,300000,6,3600,false
CV-2026-0055,CL-0003,AS-04,2026-09-11,800000,18,3600,false
CV-2026-0203,CL-0031,AS-01,2026-09-14,1200000,12,3600,true
CV-2026-0056,CL-0048,AS-06,2026-09-16,500000,12,4000,false
CV-2026-0057,CL-0014,AS-03,2026-09-17,200000,4,3600,false
CV-2026-0058,CL-0066,AS-03,2026-09-19,800000,6,3600,false
CV-2026-0059,CL-0001,AS-04,2026-09-19,300000,7,3600,false
CV-2026-0060,CL-0011,AS-05,2026-09-22,150000,7,3600,false
CV-2026-0061,CL-0025,AS-01,2026-09-23,200000,6,3600,false
CV-2026-0062,CL-0038,AS-01,2026-10-01,100000,6,3600,false
CV-2026-0063,CL-0062,AS-02,2026-10-03,1000000,18,3600,false
CV-2026-0410,CL-0089,AS-04,2026-10-10,1000000,12,3600,false
CV-2026-0064,CL-0045,AS-03,2026-10-12,500000,12,4000,false
CV-2026-0065,CL-0009,AS-03,2026-10-14,300000,6,3600,false
CV-2026-0066,CL-0068,AS-03,2026-10-15,100000,4,3600,false
CV-2026-0067,CL-0056,AS-05,2026-10-16,600000,12,4000,false
CV-2026-0068,CL-0090,AS-02,2026-10-20,150000,24,3000,false
CV-2026-0069,CL-0055,AS-05,2026-10-27,100000,3,3600,false
CV-2026-0070,CL-0053,AS-04,2026-10-28,250000,3,3600,false
