clave_idempotencia,id_credito,fecha,monto_centavos,canal
IDEM-000001,CV-2026-0001,2026-02-14,251155,agencia
IDEM-000013,CV-2026-0002,2026-02-16,93321,campo
IDEM-000019,CV-2026-0003,2026-02-17,61483,campo
IDEM-000031,CV-2026-0004,2026-02-23,60277,campo
IDEM-000043,CV-2026-0005,2026-02-24,81977,campo
IDEM-000055,CV-2026-0006,2026-03-09,192651,campo
IDEM-000064,CV-2026-0007,2026-03-13,221517,agencia
IDEM-000002,CV-2026-0001,2026-03-14,251155,campo
IDEM-000014,CV-2026-0002,2026-03-16,93321,campo
IDEM-000020,CV-2026-0003,2026-03-17,61483,agencia
IDEM-000070,CV-2026-0008,2026-03-20,221888,campo
IDEM-000032,CV-2026-0004,2026-03-23,60277,campo
IDEM-000044,CV-2026-0005,2026-03-24,81977,campo
IDEM-000082,CV-2026-0010,2026-04-03,118095,transferencia
IDEM-000076,CV-2026-0009,2026-04-04,148832,campo
IDEM-000056,CV-2026-0006,2026-04-09,192651,transferencia
IDEM-000065,CV-2026-0007,2026-04-13,221517,transferencia
IDEM-000015,CV-2026-0002,2026-04-16,93321,transferencia
IDEM-000021,CV-2026-0003,2026-04-17,61483,campo
IDEM-000107,CV-2026-0012,2026-04-17,40185,agencia
IDEM-000077,CV-2026-0009,2026-04-21,147678,agencia
IDEM-000119,CV-2026-0013,2026-04-22,28491,campo
IDEM-000095,CV-2026-0011,2026-04-23,15161,campo
IDEM-000122,CV-2026-0014,2026-04-23,64217,agencia
IDEM-000131,CV-2026-0015,2026-04-23,27690,transferencia
IDEM-000045,CV-2026-0005,2026-04-24,81977,agencia
IDEM-000003,CV-2026-0001,2026-04-25,252525,campo
IDEM-000033,CV-2026-0004,2026-04-27,60397,agencia
IDEM-000071,CV-2026-0008,2026-04-28,222918,campo
IDEM-000133,CV-2026-0016,2026-04-28,875343,agencia
IDEM-000136,CV-2026-0017,2026-04-28,369195,transferencia
IDEM-000142,CV-2026-0018,2026-05-01,29246,campo
IDEM-000083,CV-2026-0010,2026-05-03,118095,transferencia
IDEM-000154,CV-2026-0019,2026-05-03,122966,agencia
IDEM-000057,CV-2026-0006,2026-05-09,192651,transferencia
IDEM-000166,CV-2026-0020,2026-05-10,43625,transferencia
IDEM-000096,CV-2026-0011,2026-05-12,15084,transferencia
IDEM-000066,CV-2026-0007,2026-05-13,221517,campo
IDEM-000004,CV-2026-0001,2026-05-14,251155,agencia
IDEM-000016,CV-2026-0002,2026-05-16,93321,transferencia
IDEM-000022,CV-2026-0003,2026-05-17,61483,campo
IDEM-000108,CV-2026-0012,2026-05-17,40185,campo
IDEM-000078,CV-2026-0009,2026-05-21,147678,agencia
IDEM-000178,CV-2026-0021,2026-05-21,110759,agencia
IDEM-000120,CV-2026-0013,2026-05-22,28491,transferencia
IDEM-000123,CV-2026-0014,2026-05-23,64217,agencia
IDEM-000132,CV-2026-0015,2026-05-23,27690,campo
IDEM-000046,CV-2026-0005,2026-05-24,81977,agencia
IDEM-000134,CV-2026-0016,2026-05-28,875343,campo
IDEM-000137,CV-2026-0017,2026-05-28,369195,transferencia
IDEM-000184,CV-2026-0022,2026-05-28,24076,agencia
IDEM-000143,CV-2026-0018,2026-06-01,29246,campo
IDEM-000072,CV-2026-0008,2026-06-03,223748,transferencia
IDEM-000084,CV-2026-0010,2026-06-03,118095,transferencia
IDEM-000155,CV-2026-0019,2026-06-03,122966,agencia
IDEM-000034,CV-2026-0004,2026-06-09,60801,agencia
IDEM-000058,CV-2026-0006,2026-06-09,192651,campo
IDEM-000185,CV-2026-0023,2026-06-09,6119,transferencia
IDEM-000097,CV-2026-0011,2026-06-10,15069,transferencia
IDEM-000167,CV-2026-0020,2026-06-10,43625,transferencia
IDEM-000196,CV-2026-0024,2026-06-11,223970,campo
IDEM-000067,CV-2026-0007,2026-06-13,221517,campo
IDEM-000005,CV-2026-0001,2026-06-14,251155,agencia
IDEM-000017,CV-2026-0002,2026-06-16,93321,campo
IDEM-000023,CV-2026-0003,2026-06-17,61483,transferencia
IDEM-000073,CV-2026-0008,2026-06-17,221517,agencia
IDEM-000109,CV-2026-0012,2026-06-17,40185,campo
IDEM-000202,CV-2026-0025,2026-06-17,201394,campo
IDEM-000213,CV-2026-0026,2026-06-18,111826,campo
IDEM-000079,CV-2026-0009,2026-06-21,147678,campo
IDEM-000179,CV-2026-0021,2026-06-21,110759,agencia
IDEM-000121,CV-2026-0013,2026-06-22,28491,campo
IDEM-000035,CV-2026-0004,2026-06-23,60277,campo
IDEM-000124,CV-2026-0014,2026-06-23,64217,agencia
IDEM-000224,CV-2026-0027,2026-06-23,18177,agencia
IDEM-000235,CV-2026-0028,2026-06-23,27232,transferencia
IDEM-000241,CV-2026-0029,2026-06-23,530296,campo
IDEM-000047,CV-2026-0005,2026-06-24,81977,campo
IDEM-000244,CV-2026-0030,2026-06-27,18460,campo
IDEM-000135,CV-2026-0016,2026-06-28,875343,transferencia
IDEM-000138,CV-2026-0017,2026-06-28,369195,agencia
IDEM-000144,CV-2026-0018,2026-07-01,29246,campo
IDEM-000246,CV-2026-0031,2026-07-01,87250,campo
IDEM-000085,CV-2026-0010,2026-07-03,118095,campo
IDEM-000156,CV-2026-0019,2026-07-03,122966,transferencia
IDEM-000059,CV-2026-0006,2026-07-09,192651,campo
IDEM-000186,CV-2026-0023,2026-07-09,6119,agencia
IDEM-000098,CV-2026-0011,2026-07-10,15069,transferencia
IDEM-000168,CV-2026-0020,2026-07-10,43625,campo
IDEM-000197,CV-2026-0024,2026-07-11,223970,campo
IDEM-000068,CV-2026-0007,2026-07-13,221517,campo
IDEM-000256,CV-2026-0032,2026-07-13,18177,agencia
IDEM-000068,CV-2026-0007,2026-07-13,221517,campo
IDEM-000006,CV-2026-0001,2026-07-14,251155,campo
IDEM-000203,CV-2026-0025,2026-07-15,201214,campo
IDEM-000018,CV-2026-0002,2026-07-16,93322,transferencia
IDEM-000024,CV-2026-0003,2026-07-17,61483,campo
IDEM-000110,CV-2026-0012,2026-07-17,40185,campo
IDEM-000214,CV-2026-0026,2026-07-18,111826,campo
IDEM-000266,CV-2026-0033,2026-07-20,92299,agencia
IDEM-000080,CV-2026-0009,2026-07-21,147678,agencia
IDEM-000180,CV-2026-0021,2026-07-21,110759,campo
IDEM-000272,CV-2026-0034,2026-07-22,221517,transferencia
IDEM-000276,CV-2026-0035,2026-07-22,27690,campo
IDEM-000125,CV-2026-0014,2026-07-23,64217,transferencia
IDEM-000225,CV-2026-0027,2026-07-23,18177,campo
IDEM-000236,CV-2026-0028,2026-07-23,27232,campo
IDEM-000242,CV-2026-0029,2026-07-23,530296,agencia
IDEM-000048,CV-2026-0005,2026-07-24,81977,campo
IDEM-000074,CV-2026-0008,2026-07-24,222491,campo
IDEM-000245,CV-2026-0030,2026-07-27,18460,transferencia
IDEM-000139,CV-2026-0017,2026-07-28,369195,campo
IDEM-000145,CV-2026-0018,2026-08-01,29246,campo
IDEM-000086,CV-2026-0010,2026-08-03,118095,campo
IDEM-000157,CV-2026-0019,2026-08-03,122966,transferencia
IDEM-000060,CV-2026-0006,2026-08-09,192651,campo
IDEM-000187,CV-2026-0023,2026-08-09,6119,agencia
IDEM-000169,CV-2026-0020,2026-08-10,43625,campo
IDEM-000277,CV-2026-0037,2026-08-10,116985,agencia
IDEM-000198,CV-2026-0024,2026-08-11,223970,agencia
IDEM-000036,CV-2026-0004,2026-08-12,60930,transferencia
IDEM-000069,CV-2026-0007,2026-08-13,221517,campo
IDEM-000257,CV-2026-0032,2026-08-13,18177,transferencia
IDEM-000286,CV-2026-0201,2026-08-13,60277,agencia
IDEM-000204,CV-2026-0025,2026-08-14,201123,transferencia
IDEM-000247,CV-2026-0031,2026-08-15,87743,campo
IDEM-000295,CV-2026-0038,2026-08-15,30594,campo
IDEM-000025,CV-2026-0003,2026-08-17,61483,campo
IDEM-000111,CV-2026-0012,2026-08-17,40185,campo
IDEM-000215,CV-2026-0026,2026-08-18,111826,agencia
IDEM-000007,CV-2026-0001,2026-08-20,251996,campo
IDEM-000267,CV-2026-0033,2026-08-20,92299,agencia
IDEM-000081,CV-2026-0009,2026-08-21,147678,campo
IDEM-000181,CV-2026-0021,2026-08-21,110759,transferencia
IDEM-000075,CV-2026-0008,2026-08-22,222234,agencia
IDEM-000273,CV-2026-0034,2026-08-22,221517,campo
IDEM-000126,CV-2026-0014,2026-08-23,64217,campo
IDEM-000226,CV-2026-0027,2026-08-23,18177,campo
IDEM-000237,CV-2026-0028,2026-08-23,27232,transferencia
IDEM-000243,CV-2026-0029,2026-08-23,530294,campo
IDEM-000311,CV-2026-0040,2026-08-23,282824,campo
IDEM-000049,CV-2026-0005,2026-08-24,81977,agencia
IDEM-000099,CV-2026-0011,2026-08-27,15204,transferencia
IDEM-000140,CV-2026-0017,2026-08-28,369195,agencia
IDEM-000302,CV-2026-0039,2026-08-28,73648,agencia
IDEM-000037,CV-2026-0004,2026-08-31,60546,agencia
IDEM-000146,CV-2026-0018,2026-09-01,29246,campo
IDEM-000314,CV-2026-0041,2026-09-02,43671,agencia
IDEM-000087,CV-2026-0010,2026-09-03,118095,agencia
IDEM-000158,CV-2026-0019,2026-09-03,122966,transferencia
IDEM-000315,CV-2026-0042,2026-09-05,147678,campo
IDEM-000061,CV-2026-0006,2026-09-09,192651,campo
IDEM-000188,CV-2026-0023,2026-09-09,6119,transferencia
IDEM-000170,CV-2026-0020,2026-09-10,43625,campo
IDEM-000278,CV-2026-0037,2026-09-10,116985,agencia
IDEM-000199,CV-2026-0024,2026-09-11,223970,transferencia
IDEM-000321,CV-2026-0044,2026-09-11,87250,agencia
IDEM-000258,CV-2026-0032,2026-09-13,18177,transferencia
IDEM-000287,CV-2026-0201,2026-09-13,60277,transferencia
IDEM-000008,CV-2026-0001,2026-09-14,251155,transferencia
IDEM-000205,CV-2026-0025,2026-09-15,201232,agencia
IDEM-000329,CV-2026-0100,2026-09-15,100462,agencia
IDEM-000026,CV-2026-0003,2026-09-17,61483,transferencia
IDEM-000112,CV-2026-0012,2026-09-17,40185,campo
IDEM-000216,CV-2026-0026,2026-09-18,111826,transferencia
IDEM-000303,CV-2026-0039,2026-09-18,73425,agencia
IDEM-000268,CV-2026-0033,2026-09-20,92299,agencia
IDEM-000296,CV-2026-0038,2026-09-20,30642,transferencia
IDEM-000330,CV-2026-0046,2026-09-20,11809,campo
IDEM-000182,CV-2026-0021,2026-09-21,110759,campo
IDEM-000248,CV-2026-0031,2026-09-21,87975,campo
IDEM-000338,CV-2026-0047,2026-09-21,92299,campo
IDEM-000274,CV-2026-0034,2026-09-22,221517,campo
IDEM-000344,CV-2026-0049,2026-09-22,20092,transferencia
IDEM-000127,CV-2026-0014,2026-09-23,64217,agencia
IDEM-000227,CV-2026-0027,2026-09-23,18177,campo
IDEM-000238,CV-2026-0028,2026-09-23,27232,campo
IDEM-000312,CV-2026-0040,2026-09-23,282824,campo
IDEM-000127,CV-2026-0014,2026-09-23,64217,agencia
IDEM-000050,CV-2026-0005,2026-09-24,81977,transferencia
IDEM-000352,CV-2026-0050,2026-09-24,36354,agencia
IDEM-000360,CV-2026-0202,2026-09-24,102747,transferencia
IDEM-000100,CV-2026-0011,2026-09-26,15200,campo
IDEM-000368,CV-2026-0051,2026-09-26,15069,campo
IDEM-000038,CV-2026-0004,2026-09-27,60416,campo
IDEM-000141,CV-2026-0017,2026-09-28,369194,transferencia
IDEM-000147,CV-2026-0018,2026-10-01,29246,campo
IDEM-000249,CV-2026-0031,2026-10-01,87250,campo
IDEM-000088,CV-2026-0010,2026-10-03,118095,campo
IDEM-000159,CV-2026-0019,2026-10-03,122966,transferencia
IDEM-000316,CV-2026-0042,2026-10-05,147678,agencia
IDEM-000383,CV-2026-0053,2026-10-08,147619,transferencia
IDEM-000062,CV-2026-0006,2026-10-09,192651,transferencia
IDEM-000189,CV-2026-0023,2026-10-09,6119,campo
IDEM-000101,CV-2026-0011,2026-10-10,15069,transferencia
IDEM-000171,CV-2026-0020,2026-10-10,43625,transferencia
IDEM-000279,CV-2026-0037,2026-10-10,116985,campo
IDEM-000390,CV-2026-0054,2026-10-10,55379,agencia
IDEM-000200,CV-2026-0024,2026-10-11,223970,campo
IDEM-000322,CV-2026-0044,2026-10-11,87250,campo
IDEM-000391,CV-2026-0055,2026-10-11,58167,transferencia
IDEM-000259,CV-2026-0032,2026-10-13,18177,transferencia
IDEM-000288,CV-2026-0201,2026-10-13,60277,transferencia
IDEM-000398,CV-2026-0203,2026-10-14,120555,transferencia
IDEM-000297,CV-2026-0038,2026-10-15,30594,campo
IDEM-000027,CV-2026-0003,2026-10-17,61483,agencia
IDEM-000113,CV-2026-0012,2026-10-17,40185,campo
IDEM-000376,CV-2026-0052,2026-10-17,5622,campo
IDEM-000217,CV-2026-0026,2026-10-18,111826,campo
IDEM-000304,CV-2026-0039,2026-10-18,73425,transferencia
IDEM-000412,CV-2026-0058,2026-10-19,147678,campo
IDEM-000418,CV-2026-0059,2026-10-19,48152,transferencia
IDEM-000269,CV-2026-0033,2026-10-20,92299,agencia
IDEM-000331,CV-2026-0046,2026-10-20,11809,transferencia
IDEM-000183,CV-2026-0021,2026-10-21,110756,agencia
IDEM-000339,CV-2026-0047,2026-10-21,92299,campo
IDEM-000275,CV-2026-0034,2026-10-22,221517,transferencia
IDEM-000420,CV-2026-0060,2026-10-22,24076,transferencia
IDEM-000009,CV-2026-0001,2026-10-23,252494,campo
IDEM-000128,CV-2026-0014,2026-10-23,64217,agencia
IDEM-000228,CV-2026-0027,2026-10-23,18177,transferencia
IDEM-000239,CV-2026-0028,2026-10-23,27232,campo
IDEM-000313,CV-2026-0040,2026-10-23,282825,campo
IDEM-000051,CV-2026-0005,2026-10-24,81977,campo
IDEM-000353,CV-2026-0050,2026-10-24,36354,campo
IDEM-000361,CV-2026-0202,2026-10-24,102747,campo
IDEM-000369,CV-2026-0051,2026-10-26,15069,campo
IDEM-000405,CV-2026-0056,2026-10-30,51559,agencia
